Employee ID,last name,first name,Birthday,Department,Position,Employee Status,Contact,Email
000000-111,Tester,John0,04/28/1998,Department - DR,Agile Software Engineer,Regular,Primary Contact: 09876543210,"test123456@tooltwist.com

"
000000-112,Tester,John2,04/28/1998,Department - DR,Agile Software Engineer,Regular,Primary Contact: 09876543210,"test1234567@tooltwist.com

"
000000-113,Tester,John3,04/28/1998,Department - DR,Agile Software Engineer,Regular,Primary Contact: 09876543210,"test12345678@tooltwist.com

"
000000-114,Tester,John4,04/28/1998,Department - DR,Agile Software Engineer,Regular,Primary Contact: 09876543210,"test123456789@tooltwist.com




